,index,filename,path,utt_num,who,role,postcodes,gems,utterance,startTime,endTime,emotion_words,context,decimal_age,age_group,label
0,4,010615,childes/Eng-NA/Braunwald/010615,227,CHI,Target_Child,I,,oh good,710.506,712.143,['good'],"[""MOT:you're bypassing the bowl in front of me"", 'SIS:Laura', ""SIS:I'll help"", ""SIS:here's a strawberry too"", ""SIS:here's a strawberry too"", 'CHI:oh good']",1.5,1-2,Emotion.
1,9,010621,childes/Eng-NA/Braunwald/010621,108,CHI,Target_Child,,,good,223.494,224.028,['good'],"[""MOT:that's right"", 'CHI:Swww', 'CHI:Swww', 'SIS:mm', 'SIS:this is', 'CHI:good']",1.5,1-2,Approval
2,11,010707,childes/Eng-NA/Braunwald/010707,259,CHI,Target_Child,,,good doggy,489.898,491.721,['good'],"['MOT:maybe he is', ""SIS:Gwww isn't a kitty"", 'CHI:he more than you', ""SIS:you know Gwww isn't a kitty"", 'CHI:yeah', 'CHI:good doggy']",1.58,1-2,Praise.
3,12,010707,childes/Eng-NA/Braunwald/010707,261,CHI,Target_Child,SR,,good doggy,492.382,494.136,['good'],"['CHI:he more than you', ""SIS:you know Gwww isn't a kitty"", 'CHI:yeah', 'CHI:good doggy', 'FAT:oh', 'CHI:good doggy']",1.58,1-2,Emotion
4,13,010707,childes/Eng-NA/Braunwald/010707,262,CHI,Target_Child,SR,,good doggy,494.321,496.248,['good'],"[""SIS:you know Gwww isn't a kitty"", 'CHI:yeah', 'CHI:good doggy', 'FAT:oh', 'CHI:good doggy', 'CHI:good doggy']",1.58,1-2,Affection.
5,14,010725,childes/Eng-NA/Braunwald/010725,205,CHI,Target_Child,,,good,524.167,524.956,['good'],"['MOT:here you go', 'CHI:I like', 'SIS:Mom', 'MOT:cereal kids', 'SIS:I am', 'CHI:good']",1.58,1-2,Behavior
6,15,010725,childes/Eng-NA/Braunwald/010725,206,CHI,Target_Child,SR,,good,525.409,526.14,['good'],"['CHI:I like', 'SIS:Mom', 'MOT:cereal kids', 'SIS:I am', 'CHI:good', 'CHI:good']",1.58,1-2,Behavior
7,17,010902,childes/Eng-NA/Braunwald/010902,47,CHI,Target_Child,,,want a good breakfast,87.764,89.738,['good'],"['CHI:baby there Mama', 'CHI:baby there', ""MOT:that's a little doll too"", ""MOT:that's Joanna's little toy doll"", ""MOT:let's have a good breakfast"", 'CHI:want a good breakfast']",1.75,1-2,Quality
8,18,010902,childes/Eng-NA/Braunwald/010902,236,CHI,Target_Child,PI,,get a good,564.581,566.984,['good'],"['MOT:okay', 'CHI:get my baby doll', ""MOT:here's your baby doll"", 'MOT:there you go', 'MOT:mhm', 'CHI:get a good']",1.75,1-2,Evaluation
9,19,010902,childes/Eng-NA/Braunwald/010902,308,CHI,Target_Child,,,good ate mine,732.179,733.874,['good'],"['MOT:uhhuh', 'CHI:uhuh', 'MOT:uhhuh', 'CHI:uhuh', 'CHI:here', 'CHI:good ate mine']",1.75,1-2,Possession
10,20,010902,childes/Eng-NA/Braunwald/010902,329,CHI,Target_Child,,,good keys,781.034,782.81,['good'],"[""CHI:can't get me down"", ""MOT:well what's the doll doing"", 'CHI:baby', 'CHI:cry', 'MOT:ahoh want the baby to stop crying', 'CHI:good keys']",1.75,1-2,Sound
11,21,010916,childes/Eng-NA/Braunwald/010916,45,CHI,Target_Child,,,good,186.379,187.378,['good'],"['MOT:yes', 'MOT:I know a quarter', ""MOT:you're not sposta notice that"", 'CHI:on', 'CHI:make make cup', 'CHI:good']",1.75,1-2,Action
12,26,011109,childes/Eng-NA/Braunwald/011109,483,CHI,Target_Child,,,good Judy,1111.954,1113.615,['good'],"['MOT:yes', 'MOT:Dee_Dee will be back soon', 'CHI:Judy', 'MOT:she went with Judy to school', ""MOT:that's it"", 'CHI:good Judy']",1.92,1-2,Approval
13,27,011124,childes/Eng-NA/Braunwald/011124,15,CHI,Target_Child,,,good,86.752,87.495,['good'],"['CHI:bread bread bread bread bread', 'CHI:I want some bread', 'MOT:you want brown bread', 'CHI:mhm', 'MOT:alright', 'CHI:good']",1.92,1-2,Emotion
14,28,011124,childes/Eng-NA/Braunwald/011124,214,CHI,Target_Child,,,this is good,896.124,897.123,['good'],"['CHI:I want a pee', 'CHI:want a pee please', 'MOT:that was', 'CHI:excuse me', ""MOT:you're excused"", 'CHI:this is good']",1.92,1-2,Emotion
15,31,020110,childes/Eng-NA/Braunwald/020110,104,CHI,Target_Child,,,that's good,173.522,174.95,['good'],"['MOT:alright', ""MOT:I won't pour your milk"", ""MOT:you pour your milk when you're ready for it"", 'CHI:Mommy', 'MOT:what', ""CHI:that's good""]",2.08,2-3,Approval
16,32,020115,childes/Eng-NA/Braunwald/020115,30,CHI,Target_Child,,,that's good,82.47,84.002,['good'],"[""MOT:that's right"", 'MOT:mhm', ""MOT:let's all go right"", 'CHI:this is mine', 'MOT:yeah', ""CHI:that's good""]",2.08,2-3,Approval
17,33,020119,childes/Eng-NA/Braunwald/020119,61,CHI,Target_Child,,,that's good,152.082,153.475,['good'],"['MOT:a different breakfast', ""SIS:it's a dinner and it's breakfast food"", 'MOT:uhuh', 'CHI:Mommy', 'MOT:yes Laura', ""CHI:that's good""]",2.08,2-3,Emotion
18,35,020126,childes/Eng-NA/Braunwald/020126,32,CHI,Target_Child,,,good good,71.077,72.331,['good'],"['SIS:how come you gave Laura my cup', 'MOT:hope you like your dinner', ""MOT:it's trouble for me"", 'CHI:mm', 'MOT:sit and quietly', 'CHI:good good']",2.08,2-3,Approval
19,36,020126,childes/Eng-NA/Braunwald/020126,318,CHI,Target_Child,,,good dinner,552.822,553.96,['good'],"['CHI:say umm', 'MOT:say umm', 'SIS:say say say say', 'MOT:umm umm umm umm umm', 'SIS:sure', 'CHI:good dinner']",2.08,2-3,Emotion
20,37,020128,childes/Eng-NA/Braunwald/020128,63,CHI,Target_Child,,,that tastes very good,113.948,116.711,['good'],"['CHI:we salt', 'CHI:salt', 'CHI:more', 'MOT:what', 'MOT:what sweetie', 'CHI:that tastes very good']",2.08,2-3,Taste
21,38,020128,childes/Eng-NA/Braunwald/020128,69,CHI,Target_Child,,,you good Mommy Mommy,124.986,127.041,['good'],"['MOT:does it', 'CHI:yeah', 'MOT:good', 'MOT:Mommy really knows how to make eggs', 'CHI:yeah', 'CHI:you good Mommy Mommy']",2.08,2-3,Approval
22,39,020128,childes/Eng-NA/Braunwald/020128,75,CHI,Target_Child,,,good coffeepot,133.566,134.808,['good'],"['MOT:uhuh', 'MOT:thank you Laura', ""MOT:you're a good daughter"", 'MOT:I love you', 'CHI:yeah', 'CHI:good coffeepot']",2.08,2-3,Quality
23,40,020218,childes/Eng-NA/Braunwald/020218,15,CHI,Target_Child,,,I good girl,24.178,28.253,['good'],"[""MOT:we won't hear the whispers"", 'SIS:Laura talk to Deedee', 'MOT:oh', 'MOT:Laura', 'MOT:Laura', 'CHI:I good girl']",2.17,2-3,Behavior
24,42,020218,childes/Eng-NA/Braunwald/020218,407,CHI,Target_Child,,,good good,1031.449,1032.958,['good'],"['SIS:right', 'CHI:right', 'MOT:mhm', ""SIS:not being in a restaurant isn't a for you"", 'CHI:go there', 'CHI:good good']",2.17,2-3,Approval
25,45,020221,childes/Eng-NA/Braunwald/020221,1039,CHI,Target_Child,,,good good good,1989.061,1990.779,['good'],"[""ADU:you're hammering it out"", ""ADU:you look like you're hammering it in"", 'CHI:I hammer it out', 'CHI:see it it it', 'ADU:you hammered it out', 'CHI:good good good']",2.17,2-3,Repetition
26,46,020221,childes/Eng-NA/Braunwald/020221,1041,CHI,Target_Child,PI,,that feels good taperecorder,1992.114,1994.703,['good'],"['CHI:I hammer it out', 'CHI:see it it it', 'ADU:you hammered it out', 'CHI:good good good', 'ADU:that feels good', 'CHI:that feels good taperecorder']",2.17,2-3,Approval
27,47,020300a,childes/Eng-NA/Braunwald/020300a,133,CHI,Target_Child,,,that taperecorder good,258.894,262.98,['good'],"['CHI:when we wake up', 'MOT:when you wake up then it will be gone', ""MOT:you won't see it anymore"", 'CHI:no', 'CHI:this tape', 'CHI:that taperecorder good']",2.25,2-3,Quality
28,48,020300a,childes/Eng-NA/Braunwald/020300a,133,CHI,Target_Child,,,that taperecorder good,258.894,262.98,['good'],"['CHI:when we wake up', 'MOT:when you wake up then it will be gone', ""MOT:you won't see it anymore"", 'CHI:no', 'CHI:this tape', 'CHI:that taperecorder good']",2.25,2-3,Quality
29,49,020300a,childes/Eng-NA/Braunwald/020300a,901,CHI,Target_Child,,,good,1651.064,1652.051,['good'],"['MOT:Laura your your your your kleenexes', 'MOT:I have such a cold', 'CHI:tissues', 'MOT:what', 'CHI:there tissue', 'CHI:good']",2.25,2-3,Approval
30,50,020300a,childes/Eng-NA/Braunwald/020300a,901,CHI,Target_Child,,,good,1651.064,1652.051,['good'],"['MOT:Laura your your your your kleenexes', 'MOT:I have such a cold', 'CHI:tissues', 'MOT:what', 'CHI:there tissue', 'CHI:good']",2.25,2-3,Approval
31,55,020300a,childes/Eng-NA/Braunwald/020300a,133,CHI,Target_Child,,,that taperecorder good,258.894,262.98,['good'],"['CHI:when we wake up', 'MOT:when you wake up then it will be gone', ""MOT:you won't see it anymore"", 'CHI:no', 'CHI:this tape', 'CHI:that taperecorder good']",2.25,2-3,Quality
32,56,020300a,childes/Eng-NA/Braunwald/020300a,133,CHI,Target_Child,,,that taperecorder good,258.894,262.98,['good'],"['CHI:when we wake up', 'MOT:when you wake up then it will be gone', ""MOT:you won't see it anymore"", 'CHI:no', 'CHI:this tape', 'CHI:that taperecorder good']",2.25,2-3,Quality
33,57,020300a,childes/Eng-NA/Braunwald/020300a,901,CHI,Target_Child,,,good,1651.064,1652.051,['good'],"['MOT:Laura your your your your kleenexes', 'MOT:I have such a cold', 'CHI:tissues', 'MOT:what', 'CHI:there tissue', 'CHI:good']",2.25,2-3,Satisfaction
34,58,020300a,childes/Eng-NA/Braunwald/020300a,901,CHI,Target_Child,,,good,1651.064,1652.051,['good'],"['MOT:Laura your your your your kleenexes', 'MOT:I have such a cold', 'CHI:tissues', 'MOT:what', 'CHI:there tissue', 'CHI:good']",2.25,2-3,Approval
35,63,020330,childes/Eng-NA/Braunwald/020330,54,CHI,Target_Child,,,good egg,119.499,120.544,['good'],"['MOT:oh', 'MOT:no', 'MOT:what happened', 'SIS:what', 'CHI:and what is is', 'CHI:good egg']",2.25,2-3,Quality
36,64,020423,childes/Eng-NA/Braunwald/020423,6,CHI,Target_Child,,,it's very good for me,12.512,14.834,['good'],"['CHI:no', 'CHI:in in in', ""MOT:Laura I'm gonna put your bottle"", 'CHI:no', ""CHI:don't put it in here"", ""CHI:it's very good for me""]",2.33,2-3,Beneficial
37,65,020423,childes/Eng-NA/Braunwald/020423,12,CHI,Target_Child,PI,,is is very good,20.307,24.649,['good'],"[""MOT:it's good for you"", 'CHI:yeah', ""MOT:well I don't want you to drink a bottle at breakfast"", 'MOT:no', 'MOT:can can', 'CHI:is is very good']",2.33,2-3,Preference
38,66,020423,childes/Eng-NA/Braunwald/020423,34,CHI,Target_Child,,,Cwww's very good girl,118.61,121.535,['good'],"['MOT:right here', 'MOT:on this part of her body', ""MOT:she stands on four legs so you don't see her tummy do you"", 'MOT:you see her back', 'MOT:but when she lies down you can see her tummy', ""CHI:Cwww's very good girl""]",2.33,2-3,Animals
39,68,020530,childes/Eng-NA/Braunwald/020530,32,CHI,Target_Child,PI,,it's good,79.93,83.355,['good'],"[""MOT:it's dripping"", 'MOT:it it down', 'CHI:milk', 'MOT:the milk spilt', ""MOT:it's"", ""CHI:it's good""]",2.42,2-3,Emotion
40,69,020610,childes/Eng-NA/Braunwald/020610,396,CHI,Target_Child,I,,good,1096.987,1098.346,['good'],"['CHI:ah', 'CHI:ah', 'CHI:ah', 'CHI:ah', 'SIS:good', 'CHI:good']",2.5,2-3,Emotion
41,72,020710,childes/Eng-NA/Braunwald/020710,55,CHI,Target_Child,,,Peabody good name for a dog,91.826,92.755,['good'],"['CHI:a too_too', 'MOT:what did you tell me in the pool was a good name for a dog', 'MOT:do you remember', 'CHI:Blue', 'MOT:did you tell me Peabody was a good name for a dog', 'CHI:Peabody good name for a dog']",2.58,2-3,Quality
42,77,020819,childes/Eng-NA/Braunwald/020819,601,CHI,Target_Child,,,good,1409.717,1410.971,['good'],"['MOT:on on on on on', 'CHI:turn it on okay', 'MOT:okay but then we hafta have a conversation before I can turn Laura on', 'MOT:we hafta talk to each_other', ""FAT:how's Swww"", 'CHI:good']",2.67,2-3,Emotion
43,78,030008,childes/Eng-NA/Braunwald/030008,496,CHI,Target_Child,,,oh that taste good,786.274,787.888,['good'],"['SIS:okay', 'SIS:here are your apple flavored', 'SIS:your your your apple flavor', 'SIS:Laura I think it', 'SIS:mhm we need a little more lentils', 'CHI:oh that taste good']",3.0,3-4,Taste.
44,79,030008,childes/Eng-NA/Braunwald/030008,567,CHI,Target_Child,,,my milkshake taste good,918.055,919.785,['good'],"[""SIS:I'm gonna make some more soup I think"", 'SIS:make some more soup', 'CHI:make some more soup', ""SIS:I don't think I should"", 'SIS:no', 'CHI:my milkshake taste good']",3.0,3-4,Taste
45,80,030008,childes/Eng-NA/Braunwald/030008,570,CHI,Target_Child,,,very good,921.364,922.595,['good'],"[""SIS:I don't think I should"", 'SIS:no', 'CHI:my milkshake taste good', 'CHI:I tasted it', 'SIS:mm it tastes nice', 'CHI:very good']",3.0,3-4,Taste
46,81,030008,childes/Eng-NA/Braunwald/030008,571,CHI,Target_Child,,,good,926.995,928.504,['good'],"['SIS:no', 'CHI:my milkshake taste good', 'CHI:I tasted it', 'SIS:mm it tastes nice', 'CHI:very good', 'CHI:good']",3.0,3-4,Taste
47,82,030008,childes/Eng-NA/Braunwald/030008,573,CHI,Target_Child,,,it's good,928.702,929.456,['good'],"['CHI:I tasted it', 'SIS:mm it tastes nice', 'CHI:very good', 'CHI:good', ""SIS:you're right"", ""CHI:it's good""]",3.0,3-4,Taste
48,83,030008,childes/Eng-NA/Braunwald/030008,586,CHI,Target_Child,,,that's good,946.604,947.394,['good'],"['SIS:good', 'CHI:I', ""CHI:they're my apple shake"", 'MOT:huh', 'SIS:apple milkshake', ""CHI:that's good""]",3.0,3-4,Quality
49,84,030018,childes/Eng-NA/Braunwald/030018,56,CHI,Target_Child,PI,,my Mummy's Disney where they can take good care of my baby sister,100.609,106.971,['good'],"['MOT:sometime', 'CHI:mhm hm', ""CHI:I'd better get going"", 'MOT:where are you going', 'CHI:to my Ma', ""CHI:my Mummy's Disney where they can take good care of my baby sister""]",3.0,3-4,Care
50,86,030019,childes/Eng-NA/Braunwald/030019,92,CHI,Target_Child,,,good,292.271,293.246,['good'],"[""SIS:I don't even hafta go"", 'SIS:okay', ""SIS:there's not much left Laura"", 'CHI:bits', ""SIS:how's that"", 'CHI:good']",3.0,3-4,Emotion
51,88,030125b,childes/Eng-NA/Braunwald/030125b,148,CHI,Target_Child,"IN,PI",,but I was taking good,274.474,279.187,['good'],"[""MOT:yes I'm glad that the other fish is healthy and that Kwww didn't hurt both fish"", 'CHI:yeah', 'MOT:we really hafta not let Kwww where the fish are', 'FAT:or the hamster', 'MOT:or the hamsters', 'CHI:but I was taking good']",3.08,3-4,Behavior
52,100,030422,childes/Eng-NA/Braunwald/030422,152,CHI,Target_Child,,,is that good,194.847,195.834,['good'],"['MOT:she had an eight pound girl named Twww', 'MOT:it it it it it it it it it', 'MOT:Twww I guess', 'SIS:Twww', 'CHI:I', 'CHI:is that good']",3.33,3-4,Certainty
53,101,030528a,childes/Eng-NA/Braunwald/030528a,246,CHI,Target_Child,,,really good,440.478,441.557,['good'],"['SIS:mm', 'SIS:on the commercial they said', 'MOT:a a', 'FAT:mm', 'CHI:mm', 'CHI:really good']",3.42,3-4,Emotion
54,103,030528b,childes/Eng-NA/Braunwald/030528b,1045,CHI,Target_Child,PI,,there's good girl,1749.076,1751.387,['good'],"['CHI:and this is Jan', ""CHI:and this is Jan's"", 'CHI:and this is Jan', 'MOT:I see', 'CHI:this is the girl who live next door to us', ""CHI:there's good girl""]",3.42,3-4,Character
55,104,030528c,childes/Eng-NA/Braunwald/030528c,87,CHI,Target_Child,PI,,good no do you your,199.505,201.444,['good'],"[""SIS:they're they're they're they're they're staying on"", 'SIS:and his feet grown', 'CHI:do you want', 'CHI:off off off off off', 'CHI:the the', 'CHI:good no do you your']",3.42,3-4,Approval
56,105,030528d,childes/Eng-NA/Braunwald/030528d,309,CHI,Target_Child,,,good,912.162,913.718,['good'],"['CHI:oh', 'CHI:okay', 'CHI:sitting sitting', 'SIS:what kind there there', ""SIS:they don't know what kind it is"", 'CHI:good']",3.42,3-4,Approval
57,106,030528d,childes/Eng-NA/Braunwald/030528d,1151,CHI,Target_Child,,,but mine is good,2665.397,2666.918,['good'],"['CHI:how you get pink', 'SIS:this is sort of maroon with pink', 'CHI:oh', 'SIS:okay', 'CHI:okay', 'CHI:but mine is good']",3.42,3-4,Quality
58,107,030528d,childes/Eng-NA/Braunwald/030528d,1152,CHI,Target_Child,,,isn't my treasure box good,2666.907,2669.426,['good'],"['SIS:this is sort of maroon with pink', 'CHI:oh', 'SIS:okay', 'CHI:okay', 'CHI:but mine is good', ""CHI:isn't my treasure box good""]",3.42,3-4,Quality
59,108,030528d,childes/Eng-NA/Braunwald/030528d,1154,CHI,Target_Child,,,isn't this good good,2671.353,2673.037,['good'],"['SIS:okay', 'CHI:okay', 'CHI:but mine is good', ""CHI:isn't my treasure box good"", 'SIS:yeah', ""CHI:isn't this good good""]",3.42,3-4,Comparison
60,109,030528d,childes/Eng-NA/Braunwald/030528d,1156,CHI,Target_Child,,,this has turned out really good,2677.777,2680.528,['good'],"['CHI:but mine is good', ""CHI:isn't my treasure box good"", 'SIS:yeah', ""CHI:isn't this good good"", 'CHI:yes', 'CHI:this has turned out really good']",3.42,3-4,Evaluation
61,110,030528d,childes/Eng-NA/Braunwald/030528d,1202,CHI,Target_Child,PI,,another good color,2781.311,2784.608,['good'],"['CHI:I need that', 'SIS:sort of gonna draw', 'CHI:this is I get all', 'SIS:wet and sorta', ""SIS:see that's gonna dry everybody's gonna be"", 'CHI:another good color']",3.42,3-4,Opinion
62,111,030528d,childes/Eng-NA/Braunwald/030528d,1206,CHI,Target_Child,,,good doesn't it Jwww,2793.791,2796.345,['good'],"[""SIS:see that's gonna dry everybody's gonna be"", 'CHI:another good color', 'CHI:now I can cut', 'CHI:I put this in here and then all these colors I get that color', 'CHI:do you know how that works', ""CHI:good doesn't it Jwww""]",3.42,3-4,Emotion
63,112,030528d,childes/Eng-NA/Braunwald/030528d,1207,CHI,Target_Child,PI,,good,2798.147,2800.086,['good'],"['CHI:another good color', 'CHI:now I can cut', 'CHI:I put this in here and then all these colors I get that color', 'CHI:do you know how that works', ""CHI:good doesn't it Jwww"", 'CHI:good']",3.42,3-4,Satisfaction
64,113,030528d,childes/Eng-NA/Braunwald/030528d,1272,CHI,Target_Child,,,isn't that good,2982.644,2984.571,['good'],"['CHI:all this mine is', 'CHI:we could do it like this', 'CHI:can we Jwww', 'CHI:I', ""CHI:I'm almost done with my treasure box"", ""CHI:isn't that good""]",3.42,3-4,Positive
65,114,030528d,childes/Eng-NA/Braunwald/030528d,1471,CHI,Target_Child,,,good boy,3358.375,3359.559,['good'],"['MOT:here Twww', 'CHI:here', 'FAT:come on', 'FAT:come boy boy', 'CHI:here', 'CHI:good boy']",3.42,3-4,Approbation
66,115,030528d,childes/Eng-NA/Braunwald/030528d,1485,CHI,Target_Child,PI,,this is this good,3412.115,3414.321,['good'],"['CHI:this is my', 'CHI:there there there there there', 'CHI:this to dry', 'SIS:look at that', 'SIS:here', 'CHI:this is this good']",3.42,3-4,Quality
67,116,030528d,childes/Eng-NA/Braunwald/030528d,1535,CHI,Target_Child,,,isn't that good Jwww,3493.001,3494.975,['good'],"['CHI:I killed it in there', 'CHI:how do you open it', ""SIS:I don't know"", 'CHI:hey', 'CHI:I already got it open', ""CHI:isn't that good Jwww""]",3.42,3-4,Achievement
68,117,030528d,childes/Eng-NA/Braunwald/030528d,1539,CHI,Target_Child,,,isn't that good,3502.707,3504.158,['good'],"['CHI:I already got it open', ""CHI:isn't that good Jwww"", 'CHI:who wanna do that', ""SIS:I'm gonna make a rainbow"", ""CHI:I'm making a rainbow house"", ""CHI:isn't that good""]",3.42,3-4,Emotion
69,118,030528d,childes/Eng-NA/Braunwald/030528d,1577,CHI,Target_Child,PI,,good good good,3589.553,3591.887,['good'],"['CHI:instead of mine', 'SIS:now I hafta make flowers', 'SIS:oh', 'CHI:came in in his all by himself', 'SIS:right', 'CHI:good good good']",3.42,3-4,Emotion
70,119,030528e,childes/Eng-NA/Braunwald/030528e,698,CHI,Target_Child,,,this is my good,1409.036,1410.347,['good'],"['CHI:ah ha', 'SIS:gotta get your hood on', ""CHI:her blanket's here and she said a nice lady needs her coat"", 'SIS:a coat', 'CHI:take your blanket off', 'CHI:this is my good']",3.42,3-4,Quality
71,120,030528e,childes/Eng-NA/Braunwald/030528e,863,CHI,Target_Child,I,,good,1717.049,1717.583,['good'],"[""CHI:my baby's theirs theirs theirs"", 'SIS:mm mm', 'CHI:the apple juice', 'CHI:and I got my in a purse', 'SIS:good', 'CHI:good']",3.42,3-4,Approval
72,121,030528e,childes/Eng-NA/Braunwald/030528e,864,CHI,Target_Child,,,good,1717.989,1718.663,['good'],"['SIS:mm mm', 'CHI:the apple juice', 'CHI:and I got my in a purse', 'SIS:good', 'CHI:good', 'CHI:good']",3.42,3-4,Approval
73,123,030616,childes/Eng-NA/Braunwald/030616,425,CHI,Target_Child,,,oh that's pretty good,775.41,777.628,['good'],"['SIS:seven', 'SIS:nuhhuh', ""SIS:I think he's eleven months old"", ""SIS:no he's thirteen"", ""SIS:he's twelve months old"", ""CHI:oh that's pretty good""]",3.5,3-4,Approval
74,124,030616,childes/Eng-NA/Braunwald/030616,565,CHI,Target_Child,I,,be good,1022.236,1023.119,['good'],"['SIS:ah', ""SIS:that doesn't go"", 'CHI:this cat is too wild', 'CHI:right', 'SIS:be good', 'CHI:be good']",3.5,3-4,Behavior
75,125,030616,childes/Eng-NA/Braunwald/030616,619,CHI,Target_Child,,,be good cat,1119.783,1121.525,['good'],"['SIS:I know', 'SIS:hold it', ""SIS:and don't hold it your way"", 'SIS:hold it my way', 'SIS:okay now be good', 'CHI:be good cat']",3.5,3-4,Behavior
76,126,030616,childes/Eng-NA/Braunwald/030616,620,CHI,Target_Child,PI,,be a good,1121.536,1122.906,['good'],"['SIS:hold it', ""SIS:and don't hold it your way"", 'SIS:hold it my way', 'SIS:okay now be good', 'CHI:be good cat', 'CHI:be a good']",3.5,3-4,Behavior
77,128,030617,childes/Eng-NA/Braunwald/030617,586,CHI,Target_Child,,,that was good,1218.926,1220.063,['good'],"['SIS:sure you did', 'SIS:sure you did', 'CHI:I push a button', ""CHI:I'm gonna shoot again"", 'CHI:I got some bullets in ready to shoot', 'CHI:that was good']",3.5,3-4,Achievement
78,129,030618a,childes/Eng-NA/Braunwald/030618a,51,CHI,Target_Child,,,good evening,115.76,116.933,['good'],"['SIS:there you go', ""CHI:it's coming out it's a boy"", 'SIS:is it a boy or girl', 'CHI:boy', 'SIS:good evening', 'CHI:good evening']",3.5,3-4,Greeting
79,130,030618a,childes/Eng-NA/Braunwald/030618a,137,CHI,Target_Child,,,you balance good,303.133,304.782,['good'],"['CHI:it can balance behind me', 'SIS:course it could', 'CHI:he balance behind someone right', 'SIS:right', 'CHI:yeah', 'CHI:you balance good']",3.5,3-4,Ability
80,132,030618a,childes/Eng-NA/Braunwald/030618a,1054,CHI,Target_Child,,,I'm gonna be good the rest of the day,1939.566,1942.26,['good'],"['CHI:and what are the babies gonna do', 'SIS:they just stay up too', 'SIS:they do stay', ""SIS:whoever's very good is gonna stay up till seven"", 'SIS:and you kids could have stayed up till eight if you had been good', ""CHI:I'm gonna be good the rest of the day""]",3.5,3-4,Behavior
81,133,030618a,childes/Eng-NA/Braunwald/030618a,1061,CHI,Target_Child,PI,,good now,1957.747,1959.686,['good'],"['SIS:you just lost it', 'SIS:just a minute', 'SIS:if you have a big argument and keep us awake', ""SIS:you're gonna lose it for tomorrow too"", 'CHI:no I wanna', 'CHI:good now']",3.5,3-4,Response
82,134,030618a,childes/Eng-NA/Braunwald/030618a,1317,CHI,Target_Child,I,,good,2451.733,2452.522,['good'],"['CHI:Sean', ""SIS:you're a good girl"", 'CHI:girl', 'SIS:I got him free', 'SIS:good', 'CHI:good']",3.5,3-4,Emotion
83,137,030619,childes/Eng-NA/Braunwald/030619,837,CHI,Target_Child,PI,,Shaun doing pretty good job Momma,1552.883,1556.273,['good'],"[""SIS:so I'll take care of things"", 'SIS:you just make sure she', 'CHI:okay', 'SIS:well', ""SIS:here I've got doing a pretty good job"", 'CHI:Shaun doing pretty good job Momma']",3.5,3-4,Approval
84,138,030619,childes/Eng-NA/Braunwald/030619,931,CHI,Target_Child,,,have have have good view,1748.87,1750.229,['good'],"[""SIS:then we're sposta be looking the other way"", ""CHI:this way we're sposta look"", 'CHI:I', ""SIS:they're to to have a very good view"", 'SIS:view view view', 'CHI:have have have good view']",3.5,3-4,Emotion
85,139,030619,childes/Eng-NA/Braunwald/030619,1460,CHI,Target_Child,,,he might be good,2750.626,2751.694,['good'],"['CHI:about about about my age', ""SIS:when he's about three"", 'SIS:because Mommy too', 'CHI:you', ""SIS:he's to to take it all"", 'CHI:he might be good']",3.5,3-4,Behavior
86,140,030619,childes/Eng-NA/Braunwald/030619,1582,CHI,Target_Child,PI,,good,2940.466,2943.044,['good'],"['SIS:here', 'SIS:this', 'SIS:now you give him it', 'CHI:here', 'SIS:just very steady', 'CHI:good']",3.5,3-4,Approval
87,143,030627b,childes/Eng-NA/Braunwald/030627b,98,CHI,Target_Child,,,I feel good still,168.69,170.547,['good'],"[""MOT:I'm really worried about my Mummy having to go to school and not always being home when get school school school school"", 'CHI:allowed allowed allowed keep you at my house', 'MOT:you will', 'CHI:yeah', 'MOT:how do you feel when your Mummy is away', 'CHI:I feel good still']",3.5,3-4,Emotion
88,145,030700,childes/Eng-NA/Braunwald/030700,390,CHI,Target_Child,,,good corn,781.188,782.187,['good'],"['MOT:right right', 'MOT:a a a', 'CHI:now here we go', 'CHI:corn', 'CHI:mm', 'CHI:good corn']",3.58,3-4,Preference
89,146,030700,childes/Eng-NA/Braunwald/030700,619,CHI,Target_Child,,,that's good,1194.993,1196.27,['good'],"['CHI:wetter', 'MOT:I see', 'MOT:I wonder what we should do this afternoon with Jwww and Twww', 'CHI:is my teach', 'CHI:oops', ""CHI:that's good""]",3.58,3-4,Positive
90,148,030702e,childes/Eng-NA/Braunwald/030702e,88,CHI,Target_Child,,,on on on on on and if it's something good I'll watch it,145.519,151.452,['good'],"['MOT:could you watch television', ""MOT:why can't you watch television now"", 'CHI:yeah', ""MOT:because it's not Mister Rogers time"", 'CHI:Mummy', ""CHI:on on on on on and if it's something good I'll watch it""]",3.58,3-4,Preference
91,149,031117,childes/Eng-NA/Braunwald/031117,176,CHI,Target_Child,,,good,514.708,516.008,['good'],"['SIS:that noise', 'CHI:just a little toobie', 'CHI:Jwww are you coming in this room', 'SIS:no', 'CHI:okay', 'CHI:good']",3.92,3-4,Compliance
92,150,031117,childes/Eng-NA/Braunwald/031117,260,CHI,Target_Child,,,this is quite good,695.521,696.915,['good'],"['CHI:see Jwww', 'CHI:huh', 'CHI:look', 'CHI:is this', 'CHI:yucky like what', 'CHI:this is quite good']",3.92,3-4,Quality
93,151,040214,childes/Eng-NA/Braunwald/040214,104,CHI,Target_Child,PI,,good how I say gemon gee,161.637,164.156,['good'],"['MOT:let her say it', 'CHI:Goo is my gar_ger', 'MOT:I see', 'MOT:okay', 'CHI:gay', 'CHI:good how I say gemon gee']",4.17,4-5,Unclear
94,152,040217,childes/Eng-NA/Braunwald/040217,284,CHI,Target_Child,,,I got a real good one,480.994,482.584,['good'],"['CHI:that that that that that', 'CHI:I it it it', 'SIS:playing playing playing', 'CHI:can can', 'MOT:playing', 'CHI:I got a real good one']",4.17,4-5,Quality
95,153,040311b,childes/Eng-NA/Braunwald/040311b,159,CHI,Target_Child,,,this part doesn't taste good,261.078,263.354,['good'],"['MOT:maybe Mwww was tired of cleaning up', 'FAT:how old is Awww', 'CHI:two', 'MOT:two', 'SIS:I want some more artichokes', ""CHI:this part doesn't taste good""]",4.25,4-5,Taste.
96,154,040311b,childes/Eng-NA/Braunwald/040311b,223,CHI,Target_Child,,,taste taste good,370.769,371.5,['good'],"['SIS:or not okay', 'FAT:sure', ""CHI:I don't want this heart"", 'MOT:okay', 'MOT:good good', 'CHI:taste taste good']",4.25,4-5,Taste.
97,155,040311b,childes/Eng-NA/Braunwald/040311b,225,CHI,Target_Child,SR,,doesn't taste good,372.777,374.101,['good'],"[""CHI:I don't want this heart"", 'MOT:okay', 'MOT:good good', 'CHI:taste taste good', 'SIS:mm', ""CHI:doesn't taste good""]",4.25,4-5,Taste
98,156,040311b,childes/Eng-NA/Braunwald/040311b,264,CHI,Target_Child,,,her school is good,509.423,511.176,['good'],"['SIS:I know', ""SIS:I don't know how to slice good"", ""MOT:you don't"", 'SIS:uhuh', 'CHI:ah', 'CHI:her school is good']",4.25,4-5,Quality
99,158,040311c,childes/Eng-NA/Braunwald/040311c,1049,CHI,Target_Child,PI,,I think will good good good good or,1995.166,1999.206,['good'],"['SIS:that will make it less bubbly', 'SIS:oh brother', 'CHI:well', ""SIS:that's what they do"", 'CHI:well', 'CHI:I think will good good good good or']",4.25,4-5,Evaluation
100,162,041000,childes/Eng-NA/Braunwald/041000,811,CHI,Target_Child,,,I will get my baby something good,2013.417,2015.101,['good'],"[""GRA:I haven't any in my house"", 'GRA:but most houses have them', ""CHI:we're lucky with the babies"", 'CHI:these belong to real babies', 'CHI:oh', 'CHI:I will get my baby something good']",4.83,4-5,Desire
101,163,041000,childes/Eng-NA/Braunwald/041000,1369,CHI,Target_Child,,,good,3784.327,3784.966,['good'],"['CHI:I wanna go out', 'CHI:you should go back', 'CHI:why is this too', 'CHI:Mother', ""CHI:I'll drive you back home now"", 'CHI:good']",4.83,4-5,Approval
102,164,041000,childes/Eng-NA/Braunwald/041000,1460,CHI,Target_Child,PI,,this is a good,4091.941,4093.207,['good'],"['CHI:woofwoof', 'CHI:woofwoof', 'CHI:woofwoof', 'CHI:woofwoof', 'CHI:woof', 'CHI:this is a good']",4.83,4-5,Quality
103,165,060417,childes/Eng-NA/Braunwald/060417,793,CHI,Target_Child,,,because that's good,1334.263,1335.981,['good'],"['CHI:ham and cheese', 'CHI:try the ham and cheese and', ""MOT:right now I'm trying to slide this"", ""CHI:know know know what I'm having don't you"", 'ADU:yes yes', ""CHI:because that's good""]",6.33,6-7,Opinion
104,167,060417,childes/Eng-NA/Braunwald/060417,869,CHI,Target_Child,PI,,see if a good guess or a bad guess,1462.951,1464.565,['good'],"['CHI:you come here', 'CHI:and point to the gooey ball one with your eyes closed without looking', 'MOT:point to the gooey one with my eyes closed without looking', 'MOT:what kind of a test is this Laura', 'CHI:to see how you guess', 'CHI:see if a good guess or a bad guess']",6.33,6-7,Judgment
105,168,010408,childes/Eng-NA/Braunwald/0diary/010408,22,CHI,Target_Child,,,yum good,,,['good'],"['CHI:hi Joanna', 'CHI:baby pee_pee', 'CHI:bubble', 'CHI:byebye bubble', 'CHI:my ball', 'CHI:yum good']",1.33,1-2,Taste
106,169,010408,childes/Eng-NA/Braunwald/0diary/010408,23,CHI,Target_Child,,,yum good,,,['good'],"['CHI:baby pee_pee', 'CHI:bubble', 'CHI:byebye bubble', 'CHI:my ball', 'CHI:yum good', 'CHI:yum good']",1.33,1-2,Taste.
107,170,010409,childes/Eng-NA/Braunwald/0diary/010409,0,CHI,Target_Child,,,yum good,,,['good'],"['MOT:baby what', 'CHI:cry', 'CHI:bubble my bubble', 'CHI:my tee', 'CHI:baby baby juice', 'CHI:yum good']",1.33,1-2,Taste
108,171,010409,childes/Eng-NA/Braunwald/0diary/010409,1,CHI,Target_Child,,,yum good,,,['good'],"['CHI:cry', 'CHI:bubble my bubble', 'CHI:my tee', 'CHI:baby baby juice', 'CHI:yum good', 'CHI:yum good']",1.33,1-2,Taste
109,172,010409,childes/Eng-NA/Braunwald/0diary/010409,2,CHI,Target_Child,,,yum good,,,['good'],"['CHI:bubble my bubble', 'CHI:my tee', 'CHI:baby baby juice', 'CHI:yum good', 'CHI:yum good', 'CHI:yum good']",1.33,1-2,Emotion
110,173,010410,childes/Eng-NA/Braunwald/0diary/010410,15,CHI,Target_Child,,,yum yum good,,,['good'],"['CHI:bowwow cry', 'MOT:no bowwow bark', 'CHI:bark bark bark', 'CHI:bowwow bark', 'CHI:hi bark hi bark', 'CHI:yum yum good']",1.33,1-2,Taste
111,174,010411,childes/Eng-NA/Braunwald/0diary/010411,7,CHI,Target_Child,,,yum good,,,['good'],"['CHI:Dada Dada', 'CHI:Nana Nana', ""MOT:where's Nana"", 'CHI:byebye', 'CHI:yum yum yum', 'CHI:yum good']",1.33,1-2,Taste
112,175,010413,childes/Eng-NA/Braunwald/0diary/010413,19,CHI,Target_Child,,,good yum yum good,,,['good'],"['CHI:Lola', 'MOT:Lola what', 'CHI:Lola cry', ""MOT:no Lola doesn't cry"", 'CHI:hi cry', 'CHI:good yum yum good']",1.33,1-2,Food
113,176,010415,childes/Eng-NA/Braunwald/0diary/010415,2,CHI,Target_Child,,,milk yum good,,,['good'],"[""MOT:where's Laura"", 'CHI:no', 'CHI:Lola Joanna', 'CHI:bike', 'CHI:Petra', 'CHI:milk yum good']",1.33,1-2,Taste
114,177,010416,childes/Eng-NA/Braunwald/0diary/010416,17,CHI,Target_Child,,,cookie yum good good good,,,['good'],"['CHI:house house', 'CHI:house', 'CHI:thank_you', 'CHI:house', 'CHI:hair', 'CHI:cookie yum good good good']",1.33,1-2,Taste
115,178,010419,childes/Eng-NA/Braunwald/0diary/010419,3,CHI,Target_Child,,,yum good,,,['good'],"[""SIS:come on Laura let's go"", 'CHI:go', 'CHI:shoe shoe', 'CHI:ow Joanna', 'CHI:towel', 'CHI:yum good']",1.33,1-2,Taste
116,179,010506,childes/Eng-NA/Braunwald/0diary/010506,20,CHI,Target_Child,,,yum good,,,['good'],"['CHI:Mommy me cry', 'CHI:here Mommy Daddy Daddy', ""MOT:yes that's Daddy's book"", 'CHI:Daddy book', 'CHI:bite bite', 'CHI:yum good']",1.42,1-2,Taste
117,180,010511,childes/Eng-NA/Braunwald/0diary/010511,58,CHI,Target_Child,,,yum good,,,['good'],"['CHI:more more', 'CHI:Nana Nana byebye', ""MOT:yes Nana's byebye"", 'CHI:car car', 'CHI:more more more', 'CHI:yum good']",1.42,1-2,Taste
118,181,010513,childes/Eng-NA/Braunwald/0diary/010513,42,CHI,Target_Child,,,yum good,,,['good'],"['CHI:baby hot', 'CHI:byebye purse no-no', 'CHI:byebye tee', 'CHI:cakie', ""MOT:what's a cakie"", 'CHI:yum good']",1.42,1-2,Taste.
119,182,010514,childes/Eng-NA/Braunwald/0diary/010514,3,CHI,Target_Child,,,yum good hot hot,,,['good'],"[""MOT:what's a cakie"", 'CHI:yum good', 'CHI:Dada byebye car', 'CHI:byebye car', 'CHI:bite bite', 'CHI:yum good hot hot']",1.42,1-2,Taste
120,183,010516,childes/Eng-NA/Braunwald/0diary/010516,20,CHI,Target_Child,,,good,,,['good'],"['CHI:sock no-no Joanna', ""MOT:hey Laura who lives at Erica's"", 'CHI:baby Susie', 'CHI:drawer', 'CHI:kitty kitty food food', 'CHI:good']",1.42,1-2,Emotion
121,184,010528,childes/Eng-NA/Braunwald/0diary/010528,81,CHI,Target_Child,,,good grape,,,['good'],"['CHI:tear tear', ""MOT:no don't tear your book"", 'CHI:grape', 'CHI:bite', 'CHI:bite grape', 'CHI:good grape']",1.42,1-2,Evaluation
122,185,010530,childes/Eng-NA/Braunwald/0diary/010530,15,CHI,Target_Child,,,yum good cookie,,,['good'],"['CHI:no bath', 'CHI:pull pull pull', 'CHI:pull pull pull', 'CHI:pull pull pull', 'CHI:Dad pull', 'CHI:yum good cookie']",1.42,1-2,Taste
123,186,010601,childes/Eng-NA/Braunwald/0diary/010601,77,CHI,Target_Child,,,yum good cakie,,,['good'],"[""MOT:let's see you turn"", 'CHI:turn', 'CHI:do do', 'MOT:do what', 'CHI:do water', 'CHI:yum good cakie']",1.5,1-2,Taste
124,187,010602,childes/Eng-NA/Braunwald/0diary/010602,11,CHI,Target_Child,,,yum good,,,['good'],"['CHI:see Mommy see', 'CHI:Joanna cat', 'CHI:gate', 'MOT:yes gate', 'CHI:cake', 'CHI:yum good']",1.5,1-2,Taste
125,192,010612,childes/Eng-NA/Braunwald/0diary/010612,63,CHI,Target_Child,,,hotdog hotdog good,,,['good'],"['CHI:paper see', 'CHI:hot juice hot juice drink', 'CHI:Sue Sue ice_cream', 'CHI:Sue cake', 'CHI:me cookie', 'CHI:hotdog hotdog good']",1.5,1-2,Taste
126,193,010614,childes/Eng-NA/Braunwald/0diary/010614,35,CHI,Target_Child,,,good ice_cream,,,['good'],"['MOT:Mark_Lastname is going to be a dentist', 'CHI:Uncle_Bruce', 'CHI:caca pant', 'CHI:put Laura', 'CHI:honk honk', 'CHI:good ice_cream']",1.5,1-2,Food
127,194,010614,childes/Eng-NA/Braunwald/0diary/010614,36,CHI,Target_Child,,,good ice_cream,,,['good'],"['CHI:Uncle_Bruce', 'CHI:caca pant', 'CHI:put Laura', 'CHI:honk honk', 'CHI:good ice_cream', 'CHI:good ice_cream']",1.5,1-2,Emotion
128,195,010617,childes/Eng-NA/Braunwald/0diary/010617,0,CHI,Target_Child,,,good cheese good,,,['good'],"['CHI:hi bird', 'CHI:see bird', 'CHI:tear tear', 'MOT:tear what', 'CHI:pamper', 'CHI:good cheese good']",1.5,1-2,Emotion
129,196,010621,childes/Eng-NA/Braunwald/0diary/010621,18,CHI,Target_Child,,,good cheese,,,['good'],"['CHI:Laura do', ""FAT:who's hungry"", 'CHI:me', 'CHI:Laura chair', 'CHI:my chair', 'CHI:good cheese']",1.5,1-2,Quality
130,200,010703,childes/Eng-NA/Braunwald/0diary/010703,21,CHI,Target_Child,,,good Sue ice_cream,,,['good'],"['CHI:Adam bite me', 'CHI:door pretty door', 'CHI:caca me', 'CHI:caca me', 'CHI:see see see Sue ice_cream', 'CHI:good Sue ice_cream']",1.58,1-2,Emotion
131,201,010705,childes/Eng-NA/Braunwald/0diary/010705,3,CHI,Target_Child,,,good toast,,,['good'],"[""MOT:yes let's tell Daddy"", 'CHI:Daddy Daddy kitty Daddy', 'CHI:Laura food', 'CHI:bite', ""MOT:it's a good toast isn't it"", 'CHI:good toast']",1.58,1-2,Emotion
132,207,010722,childes/Eng-NA/Braunwald/0diary/010722,24,CHI,Target_Child,,,good dinner,,,['good'],"['CHI:Joanna jacket too', ""MOT:no that's not a jacket"", ""MOT:that's a robe"", 'CHI:robe back', 'CHI:Laura bottle here', 'CHI:good dinner']",1.58,1-2,Desire
133,208,010727,childes/Eng-NA/Braunwald/0diary/010727,5,CHI,Target_Child,,,good lollipop,,,['good'],"['SIS:hey do you wanna play in boxes', 'CHI:cubbyhole', 'CHI:cubbyhole', 'CHI:lookit lollipop', 'MOT:oh you made a lollipop', 'CHI:good lollipop']",1.58,1-2,Evaluation
134,209,010919,childes/Eng-NA/Braunwald/0diary/010919,22,CHI,Target_Child,,,good time good time,,,['good'],"['CHI:lookit happened', 'CHI:he barking', ""MOT:Joanna comes in to help you when you're crying"", 'CHI:see my crying', 'CHI:see Laura crying', 'CHI:good time good time']",1.75,1-2,Happiness
135,210,010928,childes/Eng-NA/Braunwald/0diary/010928,21,CHI,Target_Child,,,good trip,,,['good'],"['MOT:Laura would you not take bites out_of things', 'CHI:smell', 'CHI:what Joanna do', 'CHI:fall down my car', 'CHI:get back up', 'CHI:good trip']",1.75,1-2,Happiness
136,211,010928,childes/Eng-NA/Braunwald/0diary/010928,22,CHI,Target_Child,,,good trip,,,['good'],"['CHI:smell', 'CHI:what Joanna do', 'CHI:fall down my car', 'CHI:get back up', 'CHI:good trip', 'CHI:good trip']",1.75,1-2,Desirability
137,212,010928,childes/Eng-NA/Braunwald/0diary/010928,23,CHI,Target_Child,,,say good trip,,,['good'],"['CHI:what Joanna do', 'CHI:fall down my car', 'CHI:get back up', 'CHI:good trip', 'CHI:good trip', 'CHI:say good trip']",1.75,1-2,Appreciation
138,213,010928,childes/Eng-NA/Braunwald/0diary/010928,24,CHI,Target_Child,,,okay good trip,,,['good'],"['CHI:fall down my car', 'CHI:get back up', 'CHI:good trip', 'CHI:good trip', 'CHI:say good trip', 'CHI:okay good trip']",1.75,1-2,Interaction
139,222,011012,childes/Eng-NA/Braunwald/0diary/011012,11,CHI,Target_Child,,,good job sweeping,,,['good'],"[""MOT:okay Laura if you don't wanna get dressed I'm gonna go downstairs"", 'CHI:my stay upstairs', ""CHI:that Laura's"", ""CHI:this is Laura's"", ""MOT:yes that's Laura's"", 'CHI:good job sweeping']",1.83,1-2,Accomplishment
140,223,011018,childes/Eng-NA/Braunwald/0diary/011018,6,CHI,Target_Child,,,good boy,,,['good'],"['CHI:hungry', 'CHI:he hungry', 'CHI:go bathroom Peanuts', 'CHI:go bathroom Peanuts', 'CHI:go bathroom Peanuts', 'CHI:good boy']",1.83,1-2,Behavior
141,225,011021,childes/Eng-NA/Braunwald/0diary/011021,9,CHI,Target_Child,,,good see you,,,['good'],"[""MOT:I don't understand you"", 'CHI:could I blow my nose', 'CHI:Sue are you upstairs', 'MOT:yes I am', 'CHI:are you coming down', 'CHI:good see you']",1.83,1-2,Emotion
142,227,011101,childes/Eng-NA/Braunwald/0diary/011101,10,CHI,Target_Child,,,good job Joanna,,,['good'],"['CHI:somebody hafta quiet', 'CHI:leave it be Joanna', 'CHI:leave it', ""SIS:I don't hafta do I"", 'MOT:yes you do', 'CHI:good job Joanna']",1.92,1-2,Approval
143,231,011116,childes/Eng-NA/Braunwald/0diary/011116,40,CHI,Target_Child,,,this is good,,,['good'],"['CHI:I get my blanketie', 'CHI:dark', 'CHI:my turn light on', 'CHI:Laura turn it on', 'CHI:I want my own', 'CHI:this is good']",1.92,1-2,Opinion
144,232,011118,childes/Eng-NA/Braunwald/0diary/011118,55,CHI,Target_Child,,,yum meat good,,,['good'],"['CHI:my get it', 'CHI:could I try it', 'CHI:I like carrots', 'CHI:I like meat', 'MOT:you like meat', 'CHI:yum meat good']",1.92,1-2,Taste
145,233,011118,childes/Eng-NA/Braunwald/0diary/011118,82,CHI,Target_Child,,,you have good time,,,['good'],"['CHI:where Jackie go', 'MOT:to a meeting Laura', 'CHI:drive Jack drive', 'CHI:drive Jack drive', 'CHI:ride Shalby hard', 'CHI:you have good time']",1.92,1-2,Emotion
146,234,011118,childes/Eng-NA/Braunwald/0diary/011118,83,CHI,Target_Child,,,Laura have good time,,,['good'],"['MOT:to a meeting Laura', 'CHI:drive Jack drive', 'CHI:drive Jack drive', 'CHI:ride Shalby hard', 'CHI:you have good time', 'CHI:Laura have good time']",1.92,1-2,Emotion
147,236,011121,childes/Eng-NA/Braunwald/0diary/011121,9,CHI,Target_Child,,,Erica have good time,,,['good'],"[""CHI:let's do that again Joanna"", ""CHI:let's do that again Joanna"", 'MOT:where are you Laura and Joanna', 'CHI:there we are', ""CHI:I'm worried"", 'CHI:Erica have good time']",1.92,1-2,Emotion
148,237,011121,childes/Eng-NA/Braunwald/0diary/011121,10,CHI,Target_Child,,,have good time my house,,,['good'],"[""CHI:let's do that again Joanna"", 'MOT:where are you Laura and Joanna', 'CHI:there we are', ""CHI:I'm worried"", 'CHI:Erica have good time', 'CHI:have good time my house']",1.92,1-2,Wishful
149,238,011121,childes/Eng-NA/Braunwald/0diary/011121,11,CHI,Target_Child,,,you have good time my house,,,['good'],"['MOT:where are you Laura and Joanna', 'CHI:there we are', ""CHI:I'm worried"", 'CHI:Erica have good time', 'CHI:have good time my house', 'CHI:you have good time my house']",1.92,1-2,Wish
150,239,011123,childes/Eng-NA/Braunwald/0diary/011123,3,CHI,Target_Child,,,I don't feel good,,,['good'],"['CHI:put record away', ""CHI:I didn't like it"", ""CHI:I don't like cereal"", ""MOT:no you don't have cereal"", 'CHI:just Joanna', ""CHI:I don't feel good""]",1.92,1-2,Emotion
151,240,011123,childes/Eng-NA/Braunwald/0diary/011123,4,CHI,Target_Child,,,Deedee don't feel good,,,['good'],"[""CHI:I didn't like it"", ""CHI:I don't like cereal"", ""MOT:no you don't have cereal"", 'CHI:just Joanna', ""CHI:I don't feel good"", ""CHI:Deedee don't feel good""]",1.92,1-2,Health
152,241,011123,childes/Eng-NA/Braunwald/0diary/011123,9,CHI,Target_Child,,,I don't feel good table,,,['good'],"[""CHI:Deedee don't feel good"", 'CHI:this is blue', ""MOT:no it's purple"", 'CHI:blue', ""MOT:no that's purple"", ""CHI:I don't feel good table""]",1.92,1-2,Emotion
153,242,011124,childes/Eng-NA/Braunwald/0diary/011124,24,CHI,Target_Child,,,have a good weekend,,,['good'],"[""MOT:no goats don't wear shoes"", 'CHI:just slippers', ""MOT:no they don't wear slippers either"", 'MOT:they go bare footed', 'CHI:could I take it home', 'CHI:have a good weekend']",1.92,1-2,Desire
154,246,020008,childes/Eng-NA/Braunwald/0diary/020008,51,CHI,Target_Child,,,good manners,,,['good'],"['CHI:bumped curly hairs', ""CHI:there's old tricycle"", 'CHI:old', ""CHI:can't ride it"", ""CHI:I don't want ticket"", 'CHI:good manners']",2.0,2-3,Manners
155,247,020013,childes/Eng-NA/Braunwald/0diary/020013,7,CHI,Target_Child,,,good job baby,,,['good'],"[""MOT:I know I can't"", ""MOT:I'm too big"", 'SIS:but Joanna can ride', ""CHI:I don't share it"", ""CHI:don't pour milk"", 'CHI:good job baby']",2.0,2-3,Praise.
156,248,020020,childes/Eng-NA/Braunwald/0diary/020020,15,CHI,Target_Child,,,I good climber,,,['good'],"['CHI:Lorney boy too', 'CHI:Susie boy too', ""MOT:no Susie's not a boy she's a girl"", 'CHI:watch me whistle', 'CHI:I have a fever', 'CHI:I good climber']",2.0,2-3,Skill
157,250,020026,childes/Eng-NA/Braunwald/0diary/020026,30,CHI,Target_Child,,,pretty good,,,['good'],"[""CHI:that's dangerous"", ""CHI:I can't snap me out"", 'CHI:my have trouble', 'CHI:hotdogs', 'CHI:buy hotdogs', 'CHI:pretty good']",2.0,2-3,Positive
158,252,020102,childes/Eng-NA/Braunwald/0diary/020102,6,CHI,Target_Child,,,Joanna have good breakfast,,,['good'],"['CHI:turn water out', 'CHI:open you notebook Mom open it', 'MOT:oh you want me to open my notebook', 'MOT:why', 'CHI:write it down', 'CHI:Joanna have good breakfast']",2.08,2-3,Food
159,253,020105,childes/Eng-NA/Braunwald/0diary/020105,30,CHI,Target_Child,,,that good idea,,,['good'],"['CHI:I very big girl', 'MOT:okay have fun', 'CHI:not going yet', 'CHI:he soft', 'FAT:put that in your book', 'CHI:that good idea']",2.08,2-3,Quality
160,254,020105,childes/Eng-NA/Braunwald/0diary/020105,31,CHI,Target_Child,,,that's good,,,['good'],"['MOT:okay have fun', 'CHI:not going yet', 'CHI:he soft', 'FAT:put that in your book', 'CHI:that good idea', ""CHI:that's good""]",2.08,2-3,Approval
161,263,020122,childes/Eng-NA/Braunwald/0diary/020122,38,CHI,Target_Child,,,tastes very good,,,['good'],"[""CHI:I'm thirsty"", 'CHI:twenty dollars', 'CHI:here man', 'CHI:I buy you bubblegum', 'CHI:for you', 'CHI:tastes very good']",2.08,2-3,Taste
162,269,020127,childes/Eng-NA/Braunwald/0diary/020127,20,CHI,Target_Child,,,good idea,,,['good'],"['CHI:tricycle broken', 'CHI:because because because', 'CHI:because so much do', 'CHI:because so much do Mommy', ""MOT:that's right"", 'CHI:good idea']",2.08,2-3,Approval
163,270,020127,childes/Eng-NA/Braunwald/0diary/020127,21,CHI,Target_Child,,,a good idea,,,['good'],"['CHI:because because because', 'CHI:because so much do', 'CHI:because so much do Mommy', ""MOT:that's right"", 'CHI:good idea', 'CHI:a good idea']",2.08,2-3,Approval
164,276,020209,childes/Eng-NA/Braunwald/0diary/020209,17,CHI,Target_Child,,,no good,,,['good'],"['CHI:yeah', 'CHI:taste sour', ""CHI:it's taste sour"", ""MOT:I'm sure it did"", 'SIS:we spit it out', 'CHI:no good']",2.17,2-3,Quality
165,277,020210,childes/Eng-NA/Braunwald/0diary/020210,1,CHI,Target_Child,,,that's good,,,['good'],"[""CHI:what's we having breakfast"", 'MOT:oh waffle or cereal', ""MOT:we're out_of eggs"", 'CHI:I want rai get eggs tomorrow', 'CHI:oh_my', ""CHI:that's good""]",2.17,2-3,Emotion
166,278,020214,childes/Eng-NA/Braunwald/0diary/020214,0,CHI,Target_Child,,,those are good,,,['good'],"[""CHI:Deedee don't have crib"", 'CHI:only I have crib', ""MOT:I'm really tired"", ""MOT:let's go to sleep"", ""CHI:I know you're tired"", 'CHI:those are good']",2.17,2-3,Emotion
167,285,020224,childes/Eng-NA/Braunwald/0diary/020224,7,CHI,Target_Child,,,hi you good daddy Dad,,,['good'],"[""MOT:that's steam"", 'MOT:how_come your shoes are wet', 'CHI:because that from sprinklers', 'CHI:Mommy my things falling off', ""CHI:I'm getting angry about that"", 'CHI:hi you good daddy Dad']",2.17,2-3,Family
168,288,020407,childes/Eng-NA/Braunwald/0diary/020407,48,CHI,Target_Child,,,I good swimmer aren't I,,,['good'],"['MOT:about what', 'CHI:Mexico', 'MOT:ask a silly question get a silly answer', 'CHI:could we go to Mexico', 'MOT:yes someday we might', ""CHI:I good swimmer aren't I""]",2.33,2-3,Ability
169,299,020507,childes/Eng-NA/Braunwald/0diary/020507,5,CHI,Target_Child,,,eight juice good,,,['good'],"[""CHI:all she's baby dead"", 'CHI:oh_god', 'CHI:what that called', 'MOT:v eight juice', 'MOT:you can have some if you want', 'CHI:eight juice good']",2.42,2-3,Taste
170,300,020507,childes/Eng-NA/Braunwald/0diary/020507,6,CHI,Target_Child,,,so good,,,['good'],"['CHI:oh_god', 'CHI:what that called', 'MOT:v eight juice', 'MOT:you can have some if you want', 'CHI:eight juice good', 'CHI:so good']",2.42,2-3,Taste
171,301,020507,childes/Eng-NA/Braunwald/0diary/020507,7,CHI,Target_Child,,,it's so good,,,['good'],"['CHI:what that called', 'MOT:v eight juice', 'MOT:you can have some if you want', 'CHI:eight juice good', 'CHI:so good', ""CHI:it's so good""]",2.42,2-3,Emotion
172,308,020525,childes/Eng-NA/Braunwald/0diary/020525,20,CHI,Target_Child,,,is that good so it won't spill Mom,,,['good'],"[""MOT:you will or you won't"", 'CHI:I will', ""CHI:I'm very upset"", 'MOT:what are you upset about', 'CHI:because Joanna was talking', ""CHI:is that good so it won't spill Mom""]",2.42,2-3,Evaluation
173,328,020716,childes/Eng-NA/Braunwald/0diary/020716,0,CHI,Target_Child,,,I not feeling good to go to market,,,['good'],"['CHI:show me', 'CHI:Grandma I got a message for you', ""MOT:okay thank_you I'll write it down"", ""MOT:what's it say"", 'CHI:dear Grandma thank you for the Santa_Barbara', 'CHI:I not feeling good to go to market']",2.58,2-3,Health
174,334,020801,childes/Eng-NA/Braunwald/0diary/020801,8,CHI,Target_Child,,,guy this tastes good tea,,,['good'],"['CHI:for Lorine', 'CHI:for happy_birthday Lorine', 'CHI:for Lorine', 'CHI:oh my tummy hurts badly', ""CHI:tea I'm a big girl to have tea"", 'CHI:guy this tastes good tea']",2.67,2-3,Taste
175,335,020809,childes/Eng-NA/Braunwald/0diary/020809,4,CHI,Target_Child,,,how_come you say good luck to Mom,,,['good'],"['CHI:see they look nicer', ""MOT:that's your voice Joanna"", 'CHI:which is my voice', ""MOT:well let's listen we'll hear"", 'FAT:good luck', 'CHI:how_come you say good luck to Mom']",2.67,2-3,Encouragement
176,340,020923,childes/Eng-NA/Braunwald/0diary/020923,0,CHI,Target_Child,,,Mommy I can't eat up too much stew because my throat doesn't work good,,,['good'],"[""CHI:I will be sure that they don't fight again"", 'MOT:okay', ""CHI:I'll be sure"", 'CHI:you stop that you doo_doo Peanuts', 'CHI:you stop that', ""CHI:Mommy I can't eat up too much stew because my throat doesn't work good""]",2.75,2-3,Health
177,347,021101,childes/Eng-NA/Braunwald/0diary/021101,2,CHI,Target_Child,,,we had a good weekend,,,['good'],"[""CHI:Sue I didn't wash behind my ears"", ""MOT:well that's alright"", ""CHI:and Joanna didn't either"", ""CHI:I'll see how many is left"", ""CHI:after a while I'm gonna go to sleep"", 'CHI:we had a good weekend']",2.92,2-3,Enjoyment
178,348,021101,childes/Eng-NA/Braunwald/0diary/021101,6,CHI,Target_Child,,,this is a good tootsie_roll,,,['good'],"[""CHI:after a while I'm gonna go to sleep"", 'CHI:we had a good weekend', 'MOT:who did you have a good weekend with', 'CHI:with Missus_Jordan', ""CHI:Missus_Jordan I'm gonna see what it looks like in it"", 'CHI:this is a good tootsie_roll']",2.92,2-3,Quality
179,351,021108,childes/Eng-NA/Braunwald/0diary/021108,27,CHI,Target_Child,,,I'm doing a good job,,,['good'],"[""CHI:I'm a big helper aren't I"", 'MOT:yes you are', ""CHI:I'm a big helper because I hafta put it in"", 'CHI:one at a time', 'CHI:one at a time', ""CHI:I'm doing a good job""]",2.92,2-3,Task
180,352,021116,childes/Eng-NA/Braunwald/0diary/021116,0,CHI,Target_Child,,,Mommy I didn't give you a good morning hug,,,['good'],"['MOT:because she comes from Japan', ""CHI:Daddy's gonna get my germs if he ate my apple"", ""MOT:that's right"", 'CHI:he did already', ""MOT:you're right he already ate your apple"", ""CHI:Mommy I didn't give you a good morning hug""]",2.92,2-3,Relationship
181,353,021117,childes/Eng-NA/Braunwald/0diary/021117,8,CHI,Target_Child,,,I am a very good folder,,,['good'],"[""CHI:I'm right"", 'CHI:did you ever see a big airplane', 'CHI:see how big it is', ""MOT:yes it's enormous"", 'CHI:oh no I hafta fold this', 'CHI:I am a very good folder']",2.92,2-3,Action
182,354,021123,childes/Eng-NA/Braunwald/0diary/021123,4,CHI,Target_Child,,,Mommy I hope she have a good breakfast to eat and a nice day,,,['good'],"[""CHI:I'm not tall enough to turn the light off aream"", 'CHI:I like your pimples', 'MOT:you like my pimples', ""MOT:I wish I didn't have them"", 'MOT:I got them from eating junk', 'CHI:Mommy I hope she have a good breakfast to eat and a nice day']",2.92,2-3,Wish
183,356,030000,childes/Eng-NA/Braunwald/0diary/030000,0,CHI,Target_Child,,,it's good,,,['good'],"[""CHI:hi Mommy you're the best"", 'MOT:well thank_you Laura', ""CHI:and Joanna's the best and Daddy"", ""CHI:and I'm the best"", ""CHI:I'll save a cup of lemonade for you Joanna"", ""CHI:it's good""]",3.0,3-4,Emotion.
184,357,030000,childes/Eng-NA/Braunwald/0diary/030000,1,CHI,Target_Child,,,it's good for me to eat,,,['good'],"['MOT:well thank_you Laura', ""CHI:and Joanna's the best and Daddy"", ""CHI:and I'm the best"", ""CHI:I'll save a cup of lemonade for you Joanna"", ""CHI:it's good"", ""CHI:it's good for me to eat""]",3.0,3-4,Taste
185,358,030002,childes/Eng-NA/Braunwald/0diary/030002,3,CHI,Target_Child,,,we're having a good weekend right,,,['good'],"['SIS:she said', 'SIS:caca clay and pee_pee', 'CHI:which one you wanna have when our blender gets worn out', 'CHI:wanna see which kinda tv you wanna buy', 'CHI:and which kinda blender', ""CHI:we're having a good weekend right""]",3.0,3-4,Emotion.
186,359,030004,childes/Eng-NA/Braunwald/0diary/030004,20,CHI,Target_Child,,,my milkshake tastes good,,,['good'],"[""CHI:Daddy I'm not gonna ever scream"", 'FAT:good', ""CHI:I'm gonna take much"", ""CHI:so much you can't believe it"", ""CHI:my mommy can't believe how much I'm taking"", 'CHI:my milkshake tastes good']",3.0,3-4,Taste
187,360,030004,childes/Eng-NA/Braunwald/0diary/030004,21,CHI,Target_Child,,,it's good,,,['good'],"['FAT:good', ""CHI:I'm gonna take much"", ""CHI:so much you can't believe it"", ""CHI:my mommy can't believe how much I'm taking"", 'CHI:my milkshake tastes good', ""CHI:it's good""]",3.0,3-4,Taste
188,361,030004,childes/Eng-NA/Braunwald/0diary/030004,25,CHI,Target_Child,,,it's good,,,['good'],"['CHI:my milkshake tastes good', ""CHI:it's good"", 'CHI:I tasted it', 'SIS:I never knew apple shakes tasted so good', 'CHI:smell my apple shake', ""CHI:it's good""]",3.0,3-4,Emotion
189,362,030006,childes/Eng-NA/Braunwald/0diary/030006,20,CHI,Target_Child,,,that's a good song Joanna terrific,,,['good'],"[""CHI:I'm allergic that bug you know it"", ""CHI:I'm allergic that buggy"", 'CHI:you guys whatcha doing up there', 'SIS:playing with tinkertoy', 'SIS:Red Ted Ned went to sleep in a bed', ""CHI:that's a good song Joanna terrific""]",3.0,3-4,Emotion
190,363,030017,childes/Eng-NA/Braunwald/0diary/030017,7,CHI,Target_Child,,,she's such a good girl Joanna is,,,['good'],"['CHI:you look sharp sharp', ""CHI:Daddy we saw a snail who's walking"", ""CHI:Daddy we saw a snail who's walking"", 'FAT:where did he walk', ""CHI:he's walking at our house"", ""CHI:she's such a good girl Joanna is""]",3.0,3-4,Praise
191,365,030122,childes/Eng-NA/Braunwald/0diary/030122,5,CHI,Target_Child,,,the strawberries are good,,,['good'],"['CHI:I was really hungry', 'CHI:what are those', 'CHI:I wonder what they are', 'MOT:those', 'MOT:those are bread sticks', 'CHI:the strawberries are good']",3.08,3-4,Taste
192,366,030124,childes/Eng-NA/Braunwald/0diary/030124,0,CHI,Target_Child,,,I'm a good helper girl,,,['good'],"['MOT:you mean tomorrow', 'CHI:is this upside_up', ""SIS:no it's right_side_up"", 'CHI:look what Joanna did', 'CHI:this is scribble scrabble', ""CHI:I'm a good helper girl""]",3.08,3-4,Emotion
193,369,030206,childes/Eng-NA/Braunwald/0diary/030206,24,CHI,Target_Child,,,I'm extremely angry because this is not getting good enough for me,,,"['angry', 'good']","['MOT:she did', 'CHI:but I am', ""CHI:Mommy I wasn't dumping your purse"", 'CHI:I was just looking in it', ""CHI:I picked up my baby at the babysitter's"", ""CHI:I'm extremely angry because this is not getting good enough for me""]",3.17,3-4,Emotion
194,374,030301,childes/Eng-NA/Braunwald/0diary/030301,21,CHI,Target_Child,,,good,,,['good'],"['MOT:I saved the house jobs for you', 'CHI:oh thank_you', ""MOT:you're welcome"", 'CHI:did you make the bed', 'MOT:no', 'CHI:good']",3.25,3-4,Approval
195,376,030309,childes/Eng-NA/Braunwald/0diary/030309,1,CHI,Target_Child,,,that's a good idea,,,['good'],"['CHI:more cow cheese', 'MOT:okay here you go', 'CHI:lucky I asked', 'CHI:lucky me I get more cow cheese', ""CHI:my other hand is really freezing and I don't have another pocket"", ""CHI:that's a good idea""]",3.25,3-4,Approval
196,388,030406,childes/Eng-NA/Braunwald/0diary/030406,5,CHI,Target_Child,,,could I lick this since I did a good job,,,['good'],"[""CHI:Daddy I'm getting better at my letters"", ""FAT:good I'm glad you're getting better"", ""CHI:see how she put her feet in because she doesn't know what to do right"", ""MOT:that's right"", ""CHI:well mine didn't fall apart like this Joanna's did"", 'CHI:could I lick this since I did a good job']",3.33,3-4,Task
197,394,030417,childes/Eng-NA/Braunwald/0diary/030417,10,CHI,Target_Child,,,milk is good better than water Joanna,,,['good'],"[""CHI:I get the rest since I'm the nut server"", 'CHI:you show love by eating', 'CHI:by eating you show love', 'MOT:how do you show love Laura', 'CHI:by eating', 'CHI:milk is good better than water Joanna']",3.33,3-4,Preference
198,396,030424,childes/Eng-NA/Braunwald/0diary/030424,4,CHI,Target_Child,,,I'm really a good eater huh Mama,,,['good'],"['CHI:I forgot her name', ""CHI:that's enough for Mother"", ""CHI:that's enough for Susan"", ""MOT:no we'll give her a birthday party on her birthday"", 'CHI:no one get the first piece except me', ""CHI:I'm really a good eater huh Mama""]",3.33,3-4,Capability
